ID,score
1,7.1
2,6.6
3,6.0
4,6.9
5,7.0
6,6.8
7,6.2
8,6.6
9,7.2
10,6.5
11,6.8
12,6.5
13,6.9
14,6.3
15,6.6
16,6.3
17,7.0
18,6.7
19,6.5
20,7.1
21,7.2
22,7.4
23,6.8
24,6.6
25,7.0
26,7.1
27,6.6
28,7.0
29,6.7
30,7.1
31,7.1
32,6.7
33,6.2
34,6.7
35,7.1
36,7.2
37,6.9
38,7.0
39,7.2
40,6.6
41,6.9
42,6.9
43,6.7
44,7.2
45,7.1
46,6.6
47,6.8
48,6.3
49,6.7
50,6.7
51,7.0
52,6.8
53,6.2
54,6.7
55,6.8
56,6.4
57,7.0
58,6.8
59,7.1
60,6.9
61,7.1
62,6.9
63,7.1
64,6.8
65,6.8
66,7.1
67,6.8
68,6.5
69,6.2
70,6.6
71,6.9
72,6.8
73,6.4
74,7.0
75,6.1
76,7.0
77,6.5
78,7.0
79,7.0
80,6.7
81,6.8
82,6.7
83,6.7
84,6.9
85,6.7
86,6.6
87,6.9
88,7.1
89,7.0
90,6.4
91,6.7
92,6.9
93,6.4
94,6.8
95,6.9
96,6.4
97,6.6
98,6.6
99,6.8
100,7.0
101,6.6
102,7.4
103,7.1
104,6.5
105,7.0
106,6.3
107,7.4
108,6.5
109,7.0
110,7.1
111,6.6
112,6.9
113,7.0
114,7.0
115,6.6
116,7.0
117,6.6
118,7.1
119,6.8
120,6.7
121,6.9
122,6.9
123,7.0
124,6.7
125,7.1
126,6.5
127,6.6
128,7.0
129,6.5
130,6.5
131,6.7
132,7.0
133,7.0
134,6.7
135,6.8
136,6.9
137,7.1
138,6.9
139,6.9
140,6.7
141,7.3
142,6.4
143,7.0
144,7.2
145,5.6
146,7.3
147,6.4
148,6.5
149,6.5
150,6.8
151,7.2
152,6.3
153,7.1
154,6.4
155,6.7
156,7.2
157,7.0
158,6.8
159,7.0
160,7.1
161,6.4
162,6.4
163,6.8
164,6.7
165,6.4
166,7.0
167,6.9
168,7.1
169,7.2
170,6.9
171,6.9
172,6.5
173,6.8
174,6.6
175,6.9
176,7.3
177,7.0
178,6.8
179,7.3
180,6.6
181,7.0
182,7.0
183,6.5
184,6.7
185,6.4
186,7.0
187,6.9
188,6.9
189,6.4
190,6.2
191,6.5
192,6.8
193,7.2
194,7.0
195,6.8
196,6.9
197,7.1
198,7.0
199,6.7
200,6.6
201,7.2
202,6.9
203,7.3
204,7.1
205,6.5
206,7.2
207,6.7
208,6.7
209,6.6
210,6.7
211,6.7
212,7.2
213,6.5
214,7.4
215,6.5
216,7.1
217,6.6
218,6.7
219,7.0
220,6.9
221,6.8
222,6.8
223,6.8
224,6.7
225,6.9
226,6.9
227,7.2
228,6.4
229,6.7
230,6.7
231,6.3
232,6.6
233,6.6
234,6.9
235,6.8
236,6.9
237,6.6
238,6.7
239,7.1
240,7.0
241,6.3
242,6.9
243,7.1
244,7.2
245,6.7
246,6.8
247,6.1
248,7.0
249,6.6
250,7.0
251,6.5
252,7.0
253,6.7
254,6.5
255,7.2
256,6.6
257,7.2
258,7.1
259,6.7
260,7.2
261,7.0
262,6.8
263,6.5
264,6.2
265,7.2
266,6.9
267,6.8
268,6.9
269,6.8
270,7.0
271,7.1
272,6.9
273,6.4
274,6.3
275,6.9
276,6.9
277,6.8
278,6.8
279,6.7
280,7.1
281,6.5
282,6.9
283,6.6
284,6.6
285,6.7
286,7.1
287,6.7
288,6.6
289,6.8
290,6.3
291,6.6
292,6.2
293,6.7
294,6.9
295,7.0
296,6.9
297,7.0
298,6.5
299,6.9
300,6.9
301,7.3
302,7.2
303,7.0
304,6.9
305,6.4
306,7.2
307,6.9
308,7.3
309,6.9
310,6.7
311,7.2
312,7.0
313,7.3
314,6.7
315,7.3
316,7.0
317,7.0
318,6.9
319,7.0
320,6.0
321,7.0
322,6.9
323,6.4
324,6.8
325,6.8
326,6.7
327,6.5
328,6.6
329,6.8
330,6.4
331,6.9
332,7.1
333,6.4
334,7.0
335,7.1
336,6.9
337,6.8
338,7.0
339,7.1
340,7.2
341,6.8
342,7.1
343,6.5
344,6.9
345,7.1
346,6.4
347,6.9
348,7.0
349,7.0
350,6.8
351,7.0
352,7.1
353,7.2
354,6.6
355,7.1
356,6.9
357,6.6
358,6.9
359,6.7
360,6.9
361,6.5
362,7.2
363,6.9
364,6.4
365,6.7
366,7.2
367,6.2
368,7.1
369,7.1
370,6.7
371,7.2
372,6.3
373,6.7
374,6.4
375,6.8
376,6.6
377,6.4
378,6.3
379,7.1
380,7.0
381,6.9
382,6.6
383,6.5
384,6.8
385,6.8
386,6.5
387,6.8
388,6.5
389,6.2
390,6.7
391,6.4
392,6.9
393,6.7
394,7.1
395,7.0
396,6.8
397,6.6
398,6.6
399,6.9
400,6.0
401,6.4
402,6.7
403,7.0
404,7.0
405,6.9
406,6.8
407,6.9
408,6.9
409,6.7
410,6.6
411,6.8
412,7.1
413,7.1
414,7.0
415,7.0
416,6.5
417,6.9
418,7.0
419,6.9
420,6.8
421,6.8
422,6.2
423,7.0
424,7.0
425,6.9
426,6.8
427,6.6
428,6.3
429,7.1
430,6.7
431,6.9
432,6.9
433,6.8
434,6.7
435,7.1
436,6.6
437,7.0
438,6.5
439,6.3
440,6.8
441,6.8
442,6.7
443,6.8
444,6.6
445,6.5
446,7.0
447,6.8
448,6.6
449,7.1
450,6.8
451,6.4
452,6.6
453,6.4
454,6.7
455,6.3
456,6.7
457,6.4
458,6.3
459,6.8
460,6.8
461,6.8
462,6.7
463,6.9
464,6.9
465,6.9
466,7.0
467,6.5
468,6.9
469,6.6
470,7.1
471,6.7
472,6.9
473,6.5
474,6.8
475,6.6
476,6.2
477,6.8
478,6.7
479,7.2
480,6.7
481,6.6
482,6.5
483,6.9
484,6.5
485,7.0
486,6.4
487,6.7
488,6.3
489,7.0
490,6.9
491,7.0
492,7.2
493,6.9
494,7.1
495,6.3
496,6.6
497,6.9
498,6.7
499,7.1
500,6.8
501,7.0
502,6.4
503,6.8
504,7.1
505,6.9
506,6.8
507,6.9
508,6.8
509,7.2
510,6.6
511,6.6
512,6.0
513,6.7
514,6.8
515,6.7
516,7.1
517,6.9
518,7.0
519,7.1
520,6.6
521,6.9
522,7.2
523,6.7
524,6.9
525,6.9
526,6.8
527,6.8
528,6.6
529,6.7
530,6.3
531,6.6
532,6.7
533,6.5
534,6.5
535,6.9
536,6.8
537,6.3
538,7.0
539,6.8
540,6.8
541,7.1
542,6.6
543,6.6
544,6.7
545,7.0
546,6.6
547,6.9
548,6.8
549,6.8
550,6.5
551,6.6
552,6.4
553,6.9
554,6.6
555,6.7
556,7.1
557,6.4
558,6.6
559,6.9
560,6.7
561,7.1
562,7.1
563,6.6
564,6.6
565,6.3
566,6.7
567,6.9
568,6.4
569,7.2
570,6.9
571,6.9
572,7.0
573,6.9
574,7.0
575,6.4
576,6.6
577,6.8
578,6.8
579,6.9
580,6.9
581,7.0
582,7.1
583,7.2
584,7.2
585,6.7
586,6.7
587,7.0
588,6.0
589,7.0
590,6.6
591,6.8
592,6.7
593,6.9
594,7.1
595,6.3
596,7.2
597,6.7
598,7.1
599,7.0
600,6.9
601,7.1
602,6.6
603,7.1
604,6.8
605,6.6
606,6.6
607,6.5
608,6.5
609,6.7
610,7.2
611,6.6
612,6.7
613,6.4
614,7.2
615,6.8
616,6.7
617,6.9
618,6.5
619,6.8
620,7.2
621,6.5
622,7.1
623,6.9
624,6.7
625,6.4
626,6.6
627,6.6
628,6.3
629,6.6
630,6.9
631,6.9
632,6.8
633,7.0
634,6.9
635,6.8
636,7.2
637,6.4
638,6.9
639,6.9
640,6.8
641,6.7
642,7.3
643,6.7
644,7.1
645,7.2
646,7.1
647,6.7
648,6.6
649,6.4
650,6.4
651,6.2
652,6.6
653,7.1
654,6.8
655,7.0
656,6.9
657,6.1
658,6.6
659,6.8
660,6.8
661,7.2
662,6.9
663,6.4
664,6.9
665,6.2
666,6.7
667,7.0
668,7.0
669,6.4
670,7.0
671,6.7
672,6.6
673,6.5
674,6.6
675,6.8
676,6.9
677,6.7
678,6.8
679,6.8
680,6.7
681,7.2
682,6.6
683,7.3
684,6.4
685,6.7
686,6.8
687,6.0
688,6.7
689,6.4
690,6.9
691,6.5
692,6.9
693,7.1
694,6.6
695,6.7
696,6.8
697,6.8
698,7.1
699,6.8
700,6.6
701,6.7
702,6.5
703,6.9
704,6.9
705,6.8
706,6.8
707,7.2
708,6.4
709,6.7
710,6.9
711,7.1
712,6.9
713,6.7
714,6.7
715,6.9
716,6.9
717,6.5
718,7.0
719,6.9
720,6.7
721,7.2
722,6.6
723,6.1
724,6.7
725,7.0
726,7.2
727,6.8
728,7.4
729,6.3
730,7.0
731,6.3
732,7.0
733,6.9
734,7.2
735,7.0
736,6.9
737,7.2
738,6.8
739,6.8
740,6.9
741,6.7
742,6.6
743,6.9
744,6.6
745,7.1
746,7.0
747,6.6
748,6.6
749,6.6
750,6.2
751,6.9
752,6.5
753,6.8
754,6.9
755,6.5
756,7.1
757,6.4
758,6.7
759,7.1
760,6.3
761,6.8
762,6.4
763,6.6
764,6.9
765,6.5
766,6.4
767,7.0
768,6.4
769,7.1
770,6.8
771,6.4
772,6.6
773,6.8
774,6.4
775,7.0
776,7.0
777,6.4
778,6.8
779,6.9
780,6.7
781,7.2
782,6.8
783,7.2
784,6.7
785,7.1
786,6.8
787,7.0
788,6.8
789,7.1
790,7.2
791,6.8
792,7.2
793,6.9
794,6.8
795,6.8
796,6.1
797,6.9
798,7.1
799,7.1
800,7.2
801,7.0
802,6.4
803,7.2
804,6.3
805,7.1
806,7.1
807,6.9
808,6.9
809,6.6
810,6.7
811,6.9
812,6.4
813,6.7
814,6.7
815,6.6
816,6.4
817,6.4
818,7.0
819,6.3
820,7.1
821,6.8
822,6.8
823,6.6
824,7.1
825,6.6
826,6.3
827,6.0
828,7.0
829,6.4
830,6.8
831,7.2
832,6.5
833,6.0
834,6.7
835,6.6
836,6.9
837,6.7
838,6.6
839,7.1
840,7.0
841,6.4
842,7.0
843,6.9
844,6.9
845,7.1
846,6.5
847,7.1
848,6.8
849,6.7
850,6.8
851,6.8
852,7.1
853,6.9
854,6.8
855,6.7
856,6.8
857,6.7
858,6.8
859,6.6
860,6.5
861,6.7
862,6.5
863,6.8
864,6.3
865,6.4
866,6.9
867,6.8
868,7.0
869,7.0
870,6.9
871,7.1
872,7.0
873,6.9
874,6.8
875,6.7
876,6.7
877,7.2
878,6.9
879,6.4
880,6.5
881,6.3
882,6.5
883,7.2
884,6.7
885,7.2
886,6.9
887,6.8
888,4.6
889,6.5
890,6.7
891,6.2
892,6.6
893,6.4
894,7.1
895,6.9
896,6.9
897,6.4
898,6.4
899,7.2
900,7.0
901,7.0
902,6.8
903,6.5
904,6.9
905,6.8
906,6.8
907,6.4
908,6.5
909,6.6
910,6.1
911,6.7
912,6.7
913,6.8
914,6.5
915,6.9
916,6.7
917,6.3
918,7.1
919,6.8
920,6.6
921,6.5
922,7.0
923,6.8
924,7.0
925,6.9
926,7.0
927,7.2
928,6.8
929,7.1
930,7.2
931,6.9
932,6.7
933,6.9
934,6.6
935,5.9
936,6.9
937,6.9
938,6.9
939,6.8
940,6.7
941,6.2
942,6.6
943,7.1
944,6.7
945,7.2
946,6.2
947,6.7
948,6.9
949,6.6
950,5.9
951,7.2
952,6.9
953,6.4
954,6.6
955,6.9
956,6.8
957,6.7
958,6.9
959,6.8
960,7.2
961,6.7
962,6.6
963,7.0
964,7.0
965,6.8
966,6.5
967,7.1
968,7.1
969,7.1
970,7.0
971,7.1
972,7.0
973,6.5
974,6.8
975,6.8
976,6.4
977,6.3
978,6.6
979,7.0
980,6.7
981,7.1
982,6.7
983,7.1
984,6.4
985,6.5
986,6.7
987,6.7
988,7.0
989,7.3
990,6.9
991,7.2
992,6.9
993,6.6
994,6.9
995,6.7
996,6.8
997,6.9
998,7.1
999,7.0
1000,6.8
1001,6.7
1002,6.6
1003,6.9
1004,7.1
1005,7.0
1006,7.1
1007,7.0
1008,6.8
1009,6.9
1010,6.6
1011,6.7
1012,7.0
1013,6.6
1014,6.6
1015,6.6
1016,7.1
1017,7.2
1018,6.3
1019,6.4
1020,7.1
1021,7.0
1022,6.7
1023,6.5
1024,7.2
1025,6.7
1026,6.8
1027,7.0
1028,7.1
1029,6.5
1030,6.5
1031,7.1
1032,7.1
1033,6.1
1034,6.7
1035,6.8
1036,6.7
1037,7.1
1038,6.2
1039,7.0
1040,7.2
1041,6.9
1042,6.8
1043,7.2
1044,6.3
1045,7.2
1046,6.9
1047,6.8
1048,6.3
1049,6.5
1050,6.9
1051,6.7
1052,6.5
1053,7.2
1054,6.8
1055,6.9
1056,6.7
1057,6.7
1058,6.8
1059,7.1
1060,7.1
1061,6.6
1062,7.0
1063,7.0
1064,6.6
1065,6.4
1066,7.2
1067,6.6
1068,6.6
1069,6.8
1070,6.9
1071,6.8
1072,7.0
1073,7.0
1074,6.8
1075,6.8
1076,6.9
1077,7.3
1078,7.0
1079,7.0
1080,6.8
1081,6.8
1082,6.7
1083,6.4
1084,6.4
1085,7.3
1086,6.8
1087,7.1
1088,6.8
1089,6.7
1090,6.4
1091,6.7
1092,6.3
1093,6.8
1094,6.5
1095,6.7
1096,6.8
1097,6.5
1098,7.0
1099,6.2
1100,6.4
1101,6.6
1102,7.0
1103,6.8
1104,7.2
1105,6.9
1106,6.4
1107,7.1
1108,6.7
1109,6.9
1110,5.9
1111,6.6
1112,7.2
1113,6.9
1114,7.0
1115,7.1
1116,7.1
1117,6.4
1118,7.0
1119,7.1
1120,6.4
1121,6.9
1122,6.7
1123,7.2
1124,6.7
1125,7.1
1126,6.6
1127,6.5
1128,6.4
1129,6.8
1130,6.6
1131,6.6
1132,6.7
1133,6.4
1134,6.6
1135,6.6
1136,7.0
1137,7.1
1138,6.4
1139,6.7
1140,7.2
1141,6.3
1142,6.9
1143,6.8
1144,6.4
1145,6.9
1146,6.9
1147,6.3
1148,6.6
1149,7.1
1150,6.8
1151,6.8
1152,6.8
1153,6.6
1154,7.0
1155,6.6
1156,7.2
1157,6.7
1158,6.8
1159,7.1
1160,6.1
1161,6.8
1162,7.0
1163,6.9
1164,7.0
1165,7.1
1166,6.7
1167,6.9
1168,6.6
1169,6.3
1170,7.3
1171,6.9
1172,7.0
1173,6.7
1174,7.0
1175,6.3
1176,7.0
1177,6.5
1178,6.7
1179,6.7
1180,6.6
1181,7.3
1182,7.1
1183,6.9
1184,6.8
1185,6.9
1186,7.1
1187,7.3
1188,6.9
1189,7.0
1190,6.5
1191,7.2
1192,7.0
1193,6.3
1194,7.1
1195,6.8
1196,7.0
1197,7.0
1198,5.8
1199,7.1
1200,6.4
1201,6.4
1202,7.3
1203,6.9
1204,6.8
1205,7.3
1206,6.9
1207,6.7
1208,6.8
1209,6.9
1210,6.6
1211,7.0
1212,6.3
1213,6.8
1214,7.0
1215,6.8
1216,6.7
1217,6.4
1218,6.5
1219,6.2
1220,6.4
1221,7.0
1222,6.6
1223,6.9
1224,7.1
1225,6.8
1226,6.3
1227,6.6
1228,7.0
1229,6.5
1230,7.2
1231,6.9
1232,7.0
1233,6.9
1234,7.0
1235,6.7
1236,6.8
1237,7.1
1238,6.6
1239,6.6
1240,6.3
1241,6.5
1242,6.6
1243,6.2
1244,7.1
1245,7.2
1246,6.9
1247,6.2
1248,6.3
1249,6.9
1250,6.4
1251,6.8
1252,6.8
1253,6.7
1254,6.7
1255,6.8
1256,6.7
1257,7.1
1258,6.9
1259,7.0
1260,6.4
1261,6.8
1262,7.1
1263,6.4
1264,6.6
1265,6.7
1266,6.6
1267,7.2
1268,6.8
1269,7.1
1270,6.1
1271,6.9
1272,6.8
1273,6.4
1274,6.8
1275,6.7
1276,6.7
1277,6.7
1278,6.5
1279,6.4
1280,7.4
1281,6.4
1282,6.5
1283,7.1
1284,6.6
1285,7.1
1286,7.1
1287,6.3
1288,6.7
1289,6.7
1290,6.6
1291,7.1
1292,6.4
1293,7.0
1294,6.1
1295,6.6
1296,6.9
1297,7.0
1298,6.9
1299,6.7
1300,6.6
1301,6.9
1302,7.0
1303,7.3
1304,7.0
1305,7.2
1306,6.4
1307,7.0
1308,6.1
1309,6.8
1310,6.8
1311,6.9
1312,6.5
1313,7.0
1314,6.3
1315,7.2
1316,6.9
1317,6.5
1318,6.3
1319,7.0
1320,6.2
1321,6.4
1322,6.5
1323,7.2
1324,6.6
1325,6.8
1326,6.5
1327,6.9
1328,7.0
1329,6.7
1330,6.9
1331,6.9
1332,6.6
1333,6.8
1334,6.8
1335,6.8
1336,6.7
1337,6.8
1338,7.1
1339,6.7
1340,6.6
1341,6.4
1342,6.5
1343,7.0
1344,7.2
1345,6.8
1346,6.9
1347,7.0
1348,6.5
1349,6.8
1350,6.9
1351,7.0
1352,6.9
1353,7.1
1354,7.1
1355,6.6
1356,6.8
1357,6.6
1358,7.2
1359,7.0
1360,6.8
1361,6.4
1362,6.9
1363,7.0
1364,6.9
1365,7.1
1366,6.7
1367,7.1
1368,6.7
1369,6.8
1370,6.5
1371,6.5
1372,6.4
1373,6.9
1374,6.7
1375,6.9
1376,7.1
1377,7.0
1378,6.8
1379,6.8
1380,6.6
1381,6.9
1382,6.9
1383,7.2
1384,6.7
1385,6.7
1386,6.3
1387,7.0
1388,6.8
1389,6.9
1390,6.9
1391,7.0
1392,6.6
1393,6.7
1394,7.2
1395,7.1
1396,7.1
1397,6.4
1398,6.7
1399,6.9
1400,6.7
1401,6.9
1402,6.7
1403,7.1
1404,6.7
1405,6.5
1406,6.8
1407,6.7
1408,7.2
1409,6.4
1410,7.0
1411,6.5
1412,6.6
1413,6.3
1414,6.9
1415,6.8
1416,6.6
1417,6.7
1418,6.5
1419,6.8
1420,6.7
1421,7.3
1422,7.1
1423,6.9
1424,6.6
1425,6.3
1426,6.7
1427,6.5
1428,6.6
1429,6.5
1430,6.7
1431,7.0
1432,7.1
1433,6.7
1434,6.8
1435,6.7
1436,7.0
1437,6.6
1438,6.8
1439,6.0
1440,6.5
1441,6.9
1442,7.1
1443,7.2
1444,7.0
1445,7.1
1446,7.1
1447,7.1
1448,6.4
1449,6.6
1450,5.9
1451,6.7
1452,6.8
1453,6.5
1454,6.9
1455,6.6
1456,6.9
1457,6.1
1458,7.0
1459,6.5
1460,6.8
1461,7.1
1462,6.8
1463,7.1
1464,7.1
1465,7.1
1466,7.1
1467,6.8
1468,7.0
1469,6.7
1470,6.5
1471,6.7
1472,6.8
1473,6.6
1474,7.0
1475,6.3
1476,6.5
1477,6.3
1478,7.2
1479,6.9
1480,6.5
1481,6.6
1482,6.5
1483,6.7
1484,6.9
1485,7.0
1486,6.5
1487,6.8
1488,6.7
1489,7.0
1490,6.7
1491,6.5
1492,6.8
1493,7.2
1494,7.0
1495,6.7
1496,7.0
1497,6.9
1498,6.4
1499,6.9
1500,6.9
1501,6.7
1502,7.1
1503,6.8
1504,6.9
1505,7.1
1506,6.7
1507,6.8
1508,7.1
1509,6.7
1510,6.6
1511,7.2
1512,6.9
1513,6.9
1514,6.9
1515,6.7
1516,6.4
1517,6.5
1518,6.8
1519,6.7
1520,6.9
1521,6.7
1522,6.0
1523,7.0
1524,7.0
1525,6.9
1526,7.1
1527,6.9
1528,7.3
1529,7.0
1530,6.7
1531,6.8
1532,7.2
1533,6.9
1534,6.5
1535,6.7
1536,7.1
1537,6.5
1538,6.2
1539,7.2
1540,7.0
1541,6.6
1542,7.0
1543,6.7
1544,7.1
1545,6.9
1546,7.1
1547,7.2
1548,6.9
1549,6.7
1550,7.0
1551,6.7
1552,6.7
1553,6.9
1554,6.1
1555,6.9
1556,6.7
1557,6.9
1558,6.5
1559,6.9
1560,6.2
1561,7.2
1562,6.6
1563,6.9
1564,6.7
1565,7.2
1566,6.5
1567,6.7
1568,6.3
1569,7.2
1570,7.3
1571,6.7
1572,7.0
1573,6.5
1574,6.4
1575,6.9
1576,7.0
1577,6.9
1578,6.9
1579,6.9
1580,6.6
1581,6.7
1582,6.8
1583,6.7
1584,6.4
1585,7.0
1586,6.6
1587,7.0
1588,6.6
1589,6.5
1590,6.9
1591,6.7
1592,6.4
1593,6.8
1594,6.7
1595,7.0
1596,7.3
1597,5.8
1598,7.0
1599,6.3
1600,6.7
1601,7.1
1602,6.7
1603,6.9
1604,7.2
1605,6.6
1606,6.7
1607,6.7
1608,7.0
1609,6.4
1610,7.0
1611,6.5
1612,7.0
1613,6.4
1614,6.6
1615,6.6
1616,6.5
1617,6.9
1618,6.4
1619,6.6
1620,6.4
1621,6.7
1622,6.7
1623,6.9
1624,7.1
1625,6.5
1626,6.9
1627,7.1
1628,6.7
1629,6.8
1630,7.2
1631,7.0
1632,4.1
1633,6.8
1634,6.6
1635,6.5
1636,6.7
1637,6.4
1638,6.8
1639,6.2
1640,6.7
1641,6.6
1642,6.9
1643,6.9
1644,6.5
1645,6.8
1646,7.1
1647,7.1
1648,6.4
1649,6.8
1650,6.8
1651,6.6
1652,6.8
1653,7.1
1654,6.5
1655,6.6
1656,7.2
1657,6.9
1658,6.1
1659,6.8
1660,6.6
1661,6.7
1662,6.8
1663,6.8
1664,7.1
1665,6.6
1666,6.8
1667,6.8
1668,6.9
1669,6.9
1670,7.4
1671,6.5
1672,6.3
1673,6.5
1674,7.0
1675,6.3
1676,7.1
1677,6.7
1678,6.9
1679,7.0
1680,7.1
1681,6.8
1682,7.1
1683,6.0
1684,6.8
1685,6.7
1686,6.8
1687,6.6
1688,7.0
1689,6.8
1690,6.2
1691,7.3
1692,6.7
1693,6.9
1694,6.8
1695,6.9
1696,6.6
1697,6.9
1698,7.0
1699,7.1
1700,6.4
1701,6.5
1702,6.5
1703,6.2
1704,6.8
1705,6.8
1706,6.7
1707,7.2
1708,6.3
1709,6.7
1710,6.3
1711,7.0
1712,7.0
1713,6.9
1714,6.7
1715,6.6
1716,5.9
1717,6.9
1718,6.6
1719,7.3
1720,6.2
1721,6.7
1722,6.8
1723,6.7
1724,6.4
1725,7.0
1726,6.8
1727,6.9
1728,6.7
1729,6.2
1730,6.6
1731,7.2
1732,6.8
1733,6.9
1734,6.6
1735,6.8
1736,6.9
1737,6.9
1738,7.1
1739,6.8
1740,6.5
1741,7.0
1742,6.7
1743,6.5
1744,6.8
1745,7.1
1746,6.5
1747,6.9
1748,6.8
1749,6.7
1750,7.2
1751,6.5
1752,6.8
1753,6.7
1754,6.7
1755,6.9
1756,6.7
1757,6.6
1758,6.5
1759,6.2
1760,6.5
1761,6.2
1762,6.8
1763,6.8
1764,6.5
1765,6.8
1766,6.6
1767,6.9
1768,6.8
1769,7.0
1770,7.2
1771,7.1
1772,7.1
1773,7.1
1774,6.8
1775,6.8
1776,6.8
1777,6.8
1778,6.9
1779,6.7
1780,6.6
1781,7.1
1782,6.7
1783,6.7
1784,6.6
1785,6.4
1786,6.3
1787,6.5
1788,6.6
1789,6.3
1790,6.8
1791,6.8
1792,6.8
1793,6.8
1794,6.7
1795,6.6
1796,6.7
1797,6.5
1798,7.1
1799,7.0
1800,6.7
1801,7.0
1802,6.6
1803,7.1
1804,6.8
1805,6.9
1806,6.8
1807,7.2
1808,6.9
1809,6.9
1810,6.6
1811,6.7
1812,7.1
1813,6.9
1814,6.7
1815,6.9
1816,6.8
1817,7.1
1818,7.0
1819,6.4
1820,6.4
1821,6.9
1822,6.5
1823,6.6
1824,6.9
1825,6.7
1826,7.1
1827,6.8
1828,7.0
1829,6.6
1830,6.6
1831,6.5
1832,7.2
1833,6.9
1834,7.1
1835,6.6
1836,6.9
1837,6.6
1838,6.7
1839,6.8
1840,6.5
1841,6.9
1842,6.6
1843,7.2
1844,6.5
1845,7.3
1846,7.0
1847,6.8
1848,7.3
1849,6.8
1850,6.7
1851,6.2
1852,6.6
1853,6.7
1854,6.9
1855,6.7
1856,6.9
1857,6.8
1858,6.4
1859,6.8
1860,7.3
1861,6.6
1862,6.7
1863,6.8
1864,6.8
1865,6.5
1866,6.6
1867,6.9
1868,6.8
1869,7.0
1870,7.1
1871,7.2
1872,6.8
1873,6.6
1874,6.6
1875,6.5
1876,6.7
1877,6.7
1878,6.7
1879,6.8
1880,7.0
1881,6.7
1882,6.9
1883,6.5
1884,6.7
1885,6.3
1886,7.0
1887,6.5
1888,6.7
1889,7.1
1890,6.8
1891,7.0
1892,7.0
1893,6.6
1894,6.6
1895,6.5
1896,7.0
1897,6.4
1898,6.4
1899,6.9
1900,6.5
1901,6.4
1902,6.7
1903,6.8
1904,6.6
1905,6.7
1906,6.6
1907,6.2
1908,6.6
1909,7.1
1910,6.3
1911,6.7
1912,6.1
1913,6.6
1914,6.3
1915,7.0
1916,6.9
1917,6.3
1918,6.7
1919,6.9
1920,7.3
1921,7.2
1922,6.7
1923,7.0
1924,7.2
1925,6.6
1926,7.1
1927,6.8
1928,7.0
1929,7.1
1930,6.5
1931,6.7
1932,6.3
1933,6.6
1934,6.8
1935,6.8
1936,6.3
1937,6.5
1938,6.9
1939,7.1
1940,6.9
1941,6.9
1942,7.1
1943,6.4
1944,7.4
1945,6.9
1946,7.2
1947,7.0
1948,7.2
1949,6.6
1950,7.0
1951,6.3
1952,7.0
1953,6.5
1954,6.6
1955,6.6
1956,6.6
1957,7.0
1958,7.1
1959,6.5
1960,6.7
1961,6.5
1962,6.7
1963,6.9
1964,7.2
1965,6.8
1966,6.8
1967,7.0
1968,6.8
1969,6.2
1970,7.2
1971,7.0
1972,6.9
1973,6.9
1974,6.9
1975,6.6
1976,6.4
1977,7.0
1978,6.8
1979,6.7
1980,6.6
1981,6.7
1982,6.7
1983,6.8
1984,7.0
1985,7.2
1986,7.1
1987,6.6
1988,6.8
1989,7.1
1990,6.5
1991,7.1
1992,6.7
1993,6.6
1994,5.7
1995,6.7
1996,7.2
1997,6.7
1998,6.7
1999,6.6
2000,6.3
2001,7.1
2002,6.8
2003,6.8
2004,6.5
2005,6.9
2006,6.9
2007,6.7
2008,6.9
2009,6.6
2010,7.1
2011,6.6
2012,7.1
2013,6.9
2014,6.7
2015,6.5
2016,6.5
2017,6.9
2018,6.4
2019,7.0
2020,6.9
2021,6.6
2022,6.7
2023,6.9
2024,6.5
2025,6.9
2026,7.1
2027,6.5
2028,6.9
2029,6.4
2030,6.7
2031,6.4
2032,6.9
2033,6.5
2034,7.0
2035,6.6
2036,6.8
2037,6.8
2038,7.1
2039,6.8
2040,6.8
2041,6.7
2042,6.3
2043,6.9
2044,7.1
2045,6.5
2046,6.6
2047,6.6
2048,7.2
2049,7.0
2050,6.7
2051,7.0
2052,6.7
2053,6.5
2054,6.9
2055,6.7
2056,6.6
2057,6.8
2058,6.5
2059,6.8
2060,6.8
2061,6.9
2062,7.0
2063,6.5
2064,7.1
2065,6.9
2066,6.8
2067,7.0
2068,6.6
2069,7.0
2070,7.0
2071,7.0
2072,6.6
2073,7.0
2074,6.9
2075,7.1
2076,6.8
2077,6.4
2078,6.6
2079,6.9
2080,7.0
2081,6.7
2082,7.1
2083,6.8
2084,6.3
2085,7.0
2086,6.5
2087,6.1
2088,6.9
2089,6.8
2090,7.1
2091,6.6
2092,7.3
2093,6.9
2094,6.8
2095,6.8
2096,6.2
2097,6.7
2098,6.7
2099,6.9
2100,6.7
2101,7.0
2102,7.2
2103,6.4
2104,6.7
2105,6.8
2106,6.8
2107,7.3
2108,6.2
2109,6.4
2110,6.5
2111,6.9
2112,7.1
2113,6.4
2114,6.7
2115,6.9
2116,6.4
2117,6.9
2118,7.2
2119,6.8
2120,7.1
2121,6.4
2122,6.0
2123,6.7
2124,6.4
2125,6.5
2126,6.7
2127,6.5
2128,6.9
2129,6.8
2130,6.7
2131,6.9
2132,6.8
2133,6.8
2134,6.8
2135,7.1
2136,6.6
2137,6.6
2138,6.5
2139,7.0
2140,7.0
2141,6.9
2142,6.8
2143,6.6
2144,6.8
2145,6.6
2146,6.4
2147,6.8
2148,6.7
2149,6.7
2150,7.1
2151,6.5
2152,6.7
2153,6.6
2154,6.8
2155,6.2
2156,6.3
2157,6.8
2158,7.0
2159,6.8
2160,6.9
2161,7.1
2162,7.0
2163,6.9
2164,7.1
2165,6.2
2166,6.7
2167,6.4
2168,6.7
2169,7.0
2170,6.7
2171,6.6
2172,7.0
2173,6.9
2174,7.2
2175,6.7
2176,7.4
2177,6.7
2178,6.9
2179,7.1
2180,7.2
2181,7.0
2182,6.2
2183,6.8
2184,6.6
2185,6.6
2186,6.8
2187,6.5
2188,7.3
2189,6.6
2190,6.6
2191,7.2
2192,7.0
2193,6.8
2194,6.7
2195,6.8
2196,6.6
2197,6.7
2198,6.7
2199,6.9
2200,7.2
2201,6.4
2202,6.7
2203,6.5
2204,6.9
2205,6.7
2206,6.4
2207,7.0
2208,7.0
2209,7.0
2210,6.8
2211,6.7
2212,6.8
2213,7.0
2214,7.0
2215,6.3
2216,6.8
2217,7.1
2218,7.0
2219,6.7
2220,6.3
2221,6.7
2222,7.3
2223,6.9
2224,6.0
2225,7.2
2226,6.6
2227,6.7
2228,7.0
2229,7.0
2230,5.8
2231,6.5
2232,6.7
2233,6.8
2234,6.7
2235,6.5
2236,7.1
2237,6.6
2238,7.1
2239,6.7
2240,6.7
2241,6.7
2242,6.9
2243,6.2
2244,6.8
2245,7.0
2246,6.9
2247,6.8
2248,7.0
2249,6.4
2250,6.6
2251,6.3
2252,6.5
2253,7.0
2254,7.2
2255,7.0
2256,6.7
2257,6.8
2258,7.1
2259,6.8
2260,6.4
2261,6.7
2262,6.8
2263,6.8
2264,7.1
2265,6.7
2266,6.5
2267,6.8
2268,6.9
2269,6.4
2270,6.8
2271,6.6
2272,6.8
2273,6.9
2274,6.1
2275,6.6
2276,7.1
2277,6.5
2278,6.9
2279,6.9
2280,6.3
2281,7.0
2282,6.9
2283,6.6
2284,6.4
2285,6.4
2286,7.0
2287,6.6
2288,6.9
2289,6.3
2290,7.0
2291,6.8
2292,6.7
2293,7.0
2294,6.9
2295,6.5
2296,6.7
2297,6.9
2298,6.6
2299,7.3
2300,7.0
2301,6.7
2302,6.6
2303,6.9
2304,6.5
2305,6.7
2306,7.1
2307,6.7
2308,6.4
2309,6.8
2310,6.8
2311,6.2
2312,6.9
2313,6.5
2314,7.2
2315,6.9
2316,6.6
2317,6.2
2318,7.1
2319,6.7
2320,6.9
2321,6.5
2322,6.7
2323,6.8
2324,7.1
2325,7.1
2326,6.7
2327,6.8
2328,6.5
2329,6.9
2330,6.8
2331,6.8
2332,6.6
2333,6.8
2334,6.6
2335,6.7
2336,6.8
2337,6.3
2338,6.8
2339,7.0
2340,6.7
2341,7.1
2342,6.6
2343,7.0
2344,6.6
2345,6.8
2346,6.8
2347,6.7
2348,6.4
2349,7.0
2350,6.7
2351,6.9
2352,7.2
2353,6.6
2354,6.9
2355,6.6
2356,6.6
2357,6.5
2358,6.9
2359,6.5
2360,6.8
2361,7.3
2362,6.8
2363,7.0
2364,6.5
2365,6.9
2366,6.8
2367,6.9
2368,6.6
2369,6.8
2370,6.6
2371,6.8
2372,6.8
2373,7.3
2374,6.5
2375,6.9
2376,6.3
2377,6.6
2378,6.9
2379,6.7
2380,6.5
2381,7.2
2382,6.6
2383,7.1
2384,6.6
2385,6.4
2386,6.5
2387,7.1
2388,6.8
2389,6.8
2390,6.9
2391,7.1
2392,6.9
2393,7.0
2394,6.8
2395,6.3
2396,6.9
2397,6.9
2398,7.2
2399,6.2
2400,7.0
2401,7.1
2402,7.2
2403,7.0
2404,6.4
2405,6.0
2406,6.7
2407,7.0
2408,6.2
2409,7.3
2410,6.7
2411,6.6
2412,7.2
2413,6.7
2414,6.9
2415,7.1
2416,6.1
2417,6.7
2418,7.0
2419,6.9
2420,6.8
2421,7.0
2422,6.8
2423,7.0
2424,6.7
2425,7.0
2426,7.1
2427,6.6
2428,6.9
2429,6.7
2430,6.6
2431,6.1
2432,6.9
2433,6.4
2434,6.6
2435,6.5
2436,6.6
2437,6.3
2438,7.1
2439,6.6
2440,6.4
2441,6.6
2442,6.7
2443,6.9
2444,6.6
2445,7.3
2446,7.0
2447,6.2
2448,7.2
2449,6.5
2450,7.1
2451,6.5
2452,7.0
2453,6.4
2454,6.7
2455,6.9
2456,7.0
2457,7.0
2458,6.5
2459,5.8
2460,6.9
2461,7.2
2462,7.0
2463,6.8
2464,6.7
2465,6.9
2466,6.7
2467,7.3
2468,7.2
2469,6.7
2470,6.2
2471,6.3
2472,6.9
2473,7.1
2474,6.4
2475,6.9
2476,6.4
2477,6.5
2478,6.5
2479,6.5
2480,6.9
2481,6.2
2482,6.9
2483,6.7
2484,6.5
2485,7.1
2486,6.5
2487,6.9
2488,6.8
2489,6.9
2490,6.8
2491,6.5
2492,7.1
2493,7.1
2494,6.1
2495,6.7
2496,7.1
2497,6.9
2498,6.5
2499,7.1
2500,7.1
2501,6.7
2502,6.4
2503,7.2
2504,6.5
2505,7.0
2506,7.0
2507,7.1
2508,6.4
2509,6.7
2510,6.6
2511,5.8
2512,6.6
2513,6.5
2514,6.9
2515,6.6
2516,6.8
2517,6.8
2518,6.6
2519,7.2
2520,6.9
2521,6.5
2522,6.9
2523,6.9
2524,6.4
2525,7.1
2526,6.4
2527,6.4
2528,6.4
2529,6.8
2530,6.0
2531,6.5
2532,6.9
2533,7.0
2534,7.1
2535,6.6
2536,7.1
2537,6.8
2538,6.9
2539,6.9
2540,7.1
2541,6.4
2542,7.2
2543,6.7
2544,6.0
2545,7.1
2546,7.1
2547,7.2
2548,6.4
2549,7.0
2550,6.6
2551,6.9
2552,6.4
2553,6.9
2554,6.9
2555,6.6
2556,7.1
2557,7.1
2558,6.9
2559,6.6
2560,6.9
2561,6.5
2562,6.7
2563,7.2
2564,6.9
2565,6.8
2566,6.8
2567,6.5
2568,5.9
2569,6.8
2570,7.1
2571,6.8
2572,6.3
2573,7.4
2574,6.4
2575,7.0
2576,7.0
2577,7.1
2578,7.0
2579,7.0
2580,6.3
2581,6.8
2582,6.7
2583,6.8
2584,6.7
2585,6.8
2586,7.0
2587,6.6
2588,6.6
2589,6.7
2590,6.5
2591,6.8
2592,6.5
2593,6.2
2594,7.1
2595,6.8
2596,6.8
2597,7.1
2598,6.9
2599,6.7
2600,6.7
2601,6.8
2602,6.4
2603,6.8
2604,6.1
2605,7.2
2606,7.0
2607,7.0
2608,6.7
2609,7.1
2610,6.8
2611,7.0
2612,6.3
2613,6.5
2614,6.6
2615,6.7
2616,6.7
2617,6.7
2618,6.9
2619,6.4
2620,6.8
2621,6.6
2622,7.1
2623,6.8
2624,6.4
2625,6.7
2626,6.9
2627,6.9
2628,7.2
2629,7.1
2630,6.6
2631,6.6
2632,6.7
2633,6.5
2634,6.8
2635,6.6
2636,6.8
2637,6.9
2638,6.8
2639,7.0
2640,6.5
2641,6.3
2642,6.9
2643,7.0
2644,6.7
2645,6.4
2646,6.6
2647,7.3
2648,6.5
2649,6.8
2650,6.8
2651,6.8
2652,6.7
2653,7.1
2654,6.8
2655,6.9
2656,6.9
2657,7.2
2658,6.5
2659,6.3
2660,7.1
2661,6.5
2662,6.7
2663,7.3
2664,6.8
2665,6.5
2666,6.0
2667,6.6
2668,6.7
2669,6.8
2670,7.2
2671,6.7
2672,6.5
2673,7.4
2674,6.9
2675,6.8
2676,6.6
2677,7.0
2678,6.6
2679,6.9
2680,6.7
2681,6.6
2682,7.0
2683,6.5
2684,7.0
2685,6.8
2686,6.8
2687,6.5
2688,6.9
2689,7.3
2690,6.6
2691,6.5
2692,6.8
2693,6.5
2694,7.1
2695,6.7
2696,6.9
2697,6.6
2698,7.2
2699,6.7
2700,6.6
2701,7.1
2702,7.1
2703,6.1
2704,6.8
2705,6.7
2706,6.8
2707,6.9
2708,5.5
2709,6.9
2710,6.7
2711,7.0
2712,6.3
2713,7.0
2714,7.1
2715,6.9
2716,6.8
2717,7.0
2718,6.7
2719,6.6
2720,6.7
2721,7.1
2722,6.5
2723,6.6
2724,6.2
2725,7.1
2726,7.0
2727,6.9
2728,6.9
2729,6.7
2730,6.8
2731,6.7
2732,6.7
2733,6.3
2734,6.7
2735,6.8
2736,7.1
2737,6.4
2738,6.5
2739,6.6
2740,6.7
2741,6.8
2742,7.1
2743,7.0
2744,6.9
2745,6.6
2746,6.2
2747,6.5
2748,6.6
2749,6.3
2750,6.8
2751,7.1
2752,6.7
2753,6.1
2754,6.9
2755,6.8
2756,6.6
2757,7.1
2758,6.6
2759,7.3
2760,6.5
2761,6.8
2762,6.9
2763,6.9
2764,7.1
2765,6.9
2766,7.0
2767,7.2
2768,6.6
2769,7.1
2770,6.5
2771,7.0
2772,6.8
2773,6.4
2774,6.7
2775,6.3
2776,7.2
2777,6.8
2778,6.9
2779,6.6
2780,6.9
2781,7.0
2782,6.6
2783,6.6
2784,6.3
2785,6.9
2786,6.7
2787,7.0
2788,6.8
2789,7.0
2790,6.5
2791,7.4
2792,6.6
2793,7.2
2794,7.3
2795,6.9
2796,6.4
2797,7.3
2798,7.1
2799,7.0
2800,6.8
2801,6.4
2802,6.2
2803,6.4
2804,6.6
2805,6.4
2806,7.0
2807,6.9
2808,7.0
2809,6.6
2810,6.9
2811,6.8
2812,6.2
2813,7.2
2814,6.7
2815,7.1
2816,6.8
2817,6.8
2818,6.9
2819,7.2
2820,6.2
2821,7.3
2822,6.6
2823,6.6
2824,6.7
2825,6.8
2826,6.8
2827,6.6
2828,6.7
2829,6.8
2830,6.8
2831,6.6
2832,6.3
2833,6.3
2834,6.6
2835,6.8
2836,6.6
2837,7.1
2838,6.8
2839,7.2
2840,6.8
2841,6.9
2842,6.5
2843,6.6
2844,6.8
2845,7.0
2846,6.6
2847,7.0
2848,6.8
2849,6.8
2850,6.6
2851,7.0
2852,6.9
2853,6.9
2854,6.3
2855,6.2
2856,6.5
2857,6.7
2858,6.9
2859,6.7
2860,6.8
2861,7.2
2862,7.1
2863,6.5
2864,7.2
2865,7.0
2866,6.9
2867,6.9
2868,7.0
2869,6.5
2870,6.6
2871,6.6
2872,6.9
2873,7.0
2874,6.7
2875,6.3
2876,7.2
2877,7.0
2878,6.8
2879,6.4
2880,7.0
2881,6.4
2882,7.2
2883,6.8
2884,7.1
2885,7.1
2886,6.9
2887,7.2
2888,6.2
2889,7.0
2890,6.8
2891,6.9
2892,6.1
2893,6.7
2894,6.7
2895,6.5
2896,7.4
2897,7.3
2898,6.8
2899,7.3
2900,6.9
2901,6.7
2902,6.4
2903,6.8
2904,6.3
2905,6.8
2906,7.0
2907,6.7
2908,6.8
2909,7.0
2910,6.5
2911,6.5
2912,6.4
2913,6.4
2914,7.1
2915,7.1
2916,6.9
2917,7.1
2918,6.9
2919,6.6
2920,6.9
2921,6.6
2922,6.9
2923,6.9
2924,6.5
2925,6.6
2926,7.1
2927,6.7
2928,7.0
2929,6.9
2930,6.5
2931,6.9
2932,7.0
2933,6.8
2934,6.8
2935,7.0
2936,6.4
2937,6.9
2938,6.8
2939,6.4
2940,7.3
2941,7.1
2942,6.7
2943,6.7
2944,6.4
2945,6.9
2946,6.7
2947,6.7
2948,6.7
2949,6.9
2950,7.0
2951,6.8
2952,6.2
2953,6.4
2954,6.7
2955,6.9
2956,6.9
2957,6.1
2958,6.5
2959,6.6
2960,6.6
2961,6.8
2962,6.8
2963,7.1
2964,6.4
2965,7.0
2966,6.9
2967,6.9
2968,6.7
2969,6.5
2970,7.0
2971,6.8
2972,7.1
2973,6.5
2974,7.0
2975,6.5
2976,7.2
2977,6.7
2978,7.0
2979,6.8
2980,6.7
2981,6.7
2982,7.0
2983,6.9
2984,6.7
2985,6.9
2986,6.4
2987,6.6
2988,6.9
2989,6.4
2990,7.0
2991,6.4
2992,6.9
2993,6.9
2994,7.3
2995,7.1
2996,6.8
2997,7.2
2998,6.5
2999,6.5
3000,6.8
3001,7.1
3002,7.1
3003,6.7
3004,7.0
3005,6.3
3006,6.9
3007,7.0
3008,6.9
3009,6.9
3010,7.2
3011,6.7
3012,7.0
3013,6.7
3014,6.9
3015,7.3
3016,6.8
3017,7.2
3018,6.9
3019,6.8
3020,7.3
3021,6.7
3022,6.7
3023,6.8
3024,6.7
3025,7.1
3026,6.6
3027,7.1
3028,6.9
3029,6.3
3030,6.6
3031,6.9
3032,7.3
3033,7.0
3034,6.8
3035,7.1
3036,6.5
3037,6.4
3038,6.8
3039,6.5
3040,7.0
3041,6.8
3042,6.6
3043,6.7
3044,6.8
3045,6.7
3046,7.0
3047,7.2
3048,6.8
3049,7.1
3050,6.3
3051,6.7
3052,7.0
3053,7.1
3054,6.6
3055,7.2
3056,6.7
3057,6.7
3058,7.0
3059,6.5
3060,6.5
3061,6.4
3062,6.6
3063,7.2
3064,6.9
3065,6.8
3066,6.7
3067,7.0
3068,6.0
3069,6.9
3070,6.6
3071,6.9
3072,6.7
3073,7.3
3074,6.9
3075,6.9
3076,7.2
3077,6.6
3078,7.3
3079,7.2
3080,6.6
3081,6.6
3082,6.9
3083,6.6
3084,6.7
3085,6.9
3086,6.7
3087,6.4
3088,7.0
3089,6.7
3090,6.9
3091,6.5
3092,6.3
3093,6.7
3094,6.9
3095,7.4
3096,6.7
3097,6.8
3098,6.8
3099,6.9
3100,7.1
3101,6.9
3102,6.8
3103,7.0
3104,7.0
3105,6.3
3106,6.9
3107,6.6
3108,6.8
3109,6.7
3110,7.0
3111,6.6
3112,6.7
3113,6.5
3114,6.6
3115,6.9
3116,7.0
3117,6.6
3118,6.7
3119,7.0
3120,6.8
3121,6.7
3122,6.4
3123,6.9
3124,7.0
3125,6.7
3126,7.1
3127,7.3
3128,6.6
3129,6.3
3130,5.7
3131,5.4
3132,6.6
3133,6.4
3134,7.0
3135,6.4
3136,7.1
3137,6.9
3138,7.1
3139,7.0
3140,6.8
3141,6.2
3142,6.8
3143,6.9
3144,6.7
3145,6.8
3146,6.7
3147,6.4
3148,6.6
3149,7.1
3150,6.8
3151,6.6
3152,6.4
3153,6.8
3154,6.5
3155,6.9
3156,7.1
3157,6.8
3158,6.2
3159,7.0
3160,6.6
3161,7.1
3162,6.7
3163,6.6
3164,6.2
3165,6.6
3166,7.1
3167,7.3
3168,6.8
3169,7.2
3170,7.2
3171,6.7
3172,6.6
3173,6.6
3174,6.7
3175,7.1
3176,6.3
3177,7.3
3178,6.9
3179,6.8
3180,6.9
3181,6.9
3182,7.1
3183,6.7
3184,6.9
3185,6.6
3186,7.0
3187,6.5
3188,7.0
3189,6.9
3190,6.9
3191,6.8
3192,6.7
3193,7.0
3194,7.1
3195,6.3
3196,6.5
3197,6.3
3198,6.6
3199,7.2
3200,6.9
3201,6.9
3202,6.8
3203,6.5
3204,7.1
3205,7.1
3206,6.3
3207,6.9
3208,6.0
3209,7.1
3210,6.9
3211,6.5
3212,6.6
3213,6.9
3214,6.6
3215,6.6
3216,6.7
3217,7.0
3218,7.0
3219,6.4
3220,6.4
3221,6.8
3222,6.9
3223,6.6
3224,6.9
3225,6.6
3226,7.1
3227,7.1
3228,6.9
3229,6.8
3230,6.2
3231,6.3
3232,6.5
3233,6.8
3234,7.0
3235,7.1
3236,6.1
3237,6.8
3238,7.1
3239,6.6
3240,7.1
3241,7.0
3242,7.0
3243,6.8
3244,6.8
3245,6.4
3246,6.9
3247,7.1
3248,6.9
3249,6.6
3250,6.0
3251,6.8
3252,6.7
3253,6.4
3254,6.5
3255,6.8
3256,7.1
3257,6.9
3258,6.8
3259,6.4
3260,7.0
3261,6.7
3262,6.6
3263,7.2
3264,6.9
3265,7.3
3266,6.7
3267,6.0
3268,6.2
3269,6.5
3270,6.4
3271,6.8
3272,6.4
3273,6.3
3274,6.5
3275,7.0
3276,6.6
3277,7.3
3278,7.0
3279,6.9
3280,6.5
3281,6.8
3282,7.4
3283,7.3
3284,6.9
3285,6.9
3286,6.5
3287,6.9
3288,6.6
3289,6.2
3290,6.5
3291,6.9
3292,7.0
3293,6.9
3294,6.6
3295,6.5
3296,7.1
3297,7.0
3298,7.0
3299,7.0
3300,6.9
3301,6.8
3302,6.8
3303,6.1
3304,6.5
3305,7.1
3306,6.7
3307,6.7
3308,7.1
3309,6.7
3310,6.4
3311,6.9
3312,6.8
3313,6.8
3314,7.1
3315,7.0
3316,7.1
3317,6.7
3318,6.9
3319,6.8
3320,6.4
3321,6.9
3322,6.8
3323,6.9
3324,6.6
3325,6.2
3326,7.1
3327,6.9
3328,6.5
3329,7.0
3330,6.7
3331,6.9
3332,6.9
3333,6.9
3334,7.1
3335,6.4
3336,6.2
3337,6.7
3338,6.7
3339,6.4
3340,7.3
3341,7.2
3342,6.6
3343,6.7
3344,6.8
3345,7.4
3346,6.7
3347,7.0
3348,6.5
3349,6.9
3350,6.5
3351,7.1
3352,7.0
3353,6.6
3354,6.9
3355,6.9
3356,6.7
3357,6.9
3358,6.6
3359,6.1
3360,6.6
3361,6.8
3362,7.0
3363,6.5
3364,6.8
3365,6.4
3366,6.9
3367,5.8
3368,6.4
3369,7.1
3370,6.9
3371,7.0
3372,6.6
3373,7.3
3374,6.6
3375,6.5
3376,6.2
3377,6.9
3378,6.7
3379,6.9
3380,6.7
3381,6.7
3382,7.0
3383,6.8
3384,6.9
3385,6.7
3386,6.7
3387,6.7
3388,7.3
3389,6.4
3390,6.7
3391,7.3
3392,6.7
3393,6.5
3394,6.2
3395,6.6
3396,6.8
3397,7.0
3398,7.0
3399,6.8
3400,6.6
3401,6.9
3402,6.9
3403,6.7
3404,6.5
3405,7.3
3406,6.6
3407,6.9
3408,6.7
3409,6.7
3410,6.5
3411,7.1
3412,6.7
3413,6.6
3414,7.1
3415,6.7
3416,6.3
3417,7.0
3418,5.9
3419,6.4
3420,7.0
3421,6.6
3422,6.5
3423,7.2
3424,6.8
3425,6.7
3426,6.5
3427,6.5
3428,6.3
3429,7.1
3430,6.7
3431,6.6
3432,7.1
3433,6.4
3434,6.3
3435,6.4
3436,6.7
3437,7.2
3438,6.4
3439,6.9
3440,7.4
3441,6.9
3442,7.2
3443,6.7
3444,7.0
3445,7.0
3446,6.6
3447,6.5
3448,6.7
3449,6.6
3450,6.8
3451,6.9
3452,6.0
3453,7.1
3454,7.1
3455,6.8
3456,6.9
3457,6.7
3458,6.7
3459,6.6
3460,6.4
3461,6.6
3462,6.6
3463,6.7
3464,7.0
3465,6.5
3466,6.8
3467,6.8
3468,6.5
3469,6.7
3470,6.6
3471,6.6
3472,7.0
3473,7.0
3474,7.0
3475,7.3
3476,7.1
3477,6.4
3478,6.7
3479,6.6
3480,6.7
3481,6.8
3482,6.6
3483,6.1
3484,6.9
3485,7.0
3486,6.6
3487,7.1
3488,6.9
3489,7.1
3490,6.6
3491,6.9
3492,6.8
3493,6.9
3494,6.9
3495,6.6
3496,7.1
3497,6.8
3498,7.0
3499,6.5
3500,6.9
3501,6.8
3502,6.9
3503,7.1
3504,7.1
3505,6.5
3506,6.9
3507,6.4
3508,6.6
3509,7.0
3510,7.0
3511,6.9
3512,6.9
3513,6.8
3514,7.1
3515,6.8
3516,6.9
3517,6.9
3518,6.9
3519,6.6
3520,7.2
3521,6.8
3522,6.8
3523,6.6
3524,7.0
3525,6.7
3526,6.9
3527,6.5
3528,6.5
3529,6.7
3530,6.8
3531,7.0
3532,7.0
3533,6.6
3534,6.9
3535,6.4
3536,6.8
3537,6.6
3538,6.6
3539,7.1
3540,6.5
3541,6.7
3542,7.3
3543,7.0
3544,6.6
3545,6.1
3546,7.5
3547,6.5
3548,6.7
3549,6.9
3550,6.8
3551,6.8
3552,6.9
3553,6.3
3554,6.6
3555,7.0
3556,7.1
3557,6.5
3558,6.6
3559,7.2
3560,6.8
3561,6.5
3562,6.6
3563,6.9
3564,6.8
3565,6.7
3566,6.2
3567,6.9
3568,6.8
3569,7.2
3570,7.1
3571,6.6
3572,7.1
3573,6.3
3574,7.1
3575,6.2
3576,6.6
3577,6.1
3578,6.8
3579,6.9
3580,6.5
3581,7.0
3582,7.2
3583,6.9
3584,6.6
3585,6.8
3586,7.1
3587,6.8
3588,6.9
3589,7.1
3590,6.4
3591,7.0
3592,6.9
3593,6.9
3594,6.6
3595,6.4
3596,6.9
3597,7.2
3598,6.9
3599,6.1
3600,6.3
3601,6.6
3602,7.0
3603,6.9
3604,7.3
3605,6.9
3606,6.9
3607,6.5
3608,6.1
3609,6.6
3610,6.8
3611,6.6
3612,6.8
3613,7.0
3614,7.1
3615,6.5
3616,6.7
3617,7.1
3618,6.9
3619,6.5
3620,6.9
3621,7.2
3622,6.8
3623,6.7
3624,6.9
3625,7.3
3626,7.0
3627,7.0
3628,6.2
3629,6.5
3630,7.0
3631,6.7
3632,6.9
3633,6.4
3634,6.7
3635,6.4
3636,6.6
3637,7.0
3638,7.1
